{"cameraMode":{"drawMode":0,"name":"Shaded","section":"Shading Mode"},"sceneLighting":false,"audioPlay":false,"sceneViewState":{"m_AlwaysRefresh":false,"showFog":false,"showSkybox":false,"showFlares":false,"showImageEffects":false,"showParticleSystems":false,"showVisualEffectGraphs":true,"m_FxEnabled":true},"in2DMode":false,"pivot":{"x":-0.003483980894088745,"y":0.8405336737632752,"z":-0.0630839467048645},"rotation":{"x":-0.014129169285297394,"y":0.9825440049171448,"z":-0.16543513536453248,"w":-0.08391490578651428},"size":1.4873812198638917,"orthographic":false}